{"ci_ff_none": [0.9909188034188035, 0.49725274725274726, 0.33132328308207704, 0.24908521150528765, 0.19939759036144578], "ci_ff_mas": [0.9903846153846154, 0.5007596570096571, 0.330820770519263, 0.25560885115877896, 0.1995984944804343], "ci_ff_rep": [0.9893162393162394, 0.9755348817848818, 0.9547948422320282, 0.9267584219757633, 0.8835790102129012], "ci_ff_ewc": [0.9903846153846154, 0.499958374958375, 0.3381457738241658, 0.2997020694982285, 0.2004021139805483], "ci_ff_syn": [0.9893162393162394, 0.5297619047619048, 0.3323363729142624, 0.30108587378718354, 0.2004026154870739], "ci_ff_gem": [0.9903846153846154, 0.8189900377400378, 0.79030341750191, 0.7500669807371225, 0.6613628178554365], "ci_sd_none": [0.9941239316239316, 0.4967532467532468, 0.32964824120603015, 0.2490671641791045, 0.19919678714859437], "ci_sd_mas": [0.9951923076923077, 0.4965034965034965, 0.3316582914572864, 0.3523425195004875, 0.21145057203237308], "ci_sd_rep": [0.9951923076923077, 0.9657460594960594, 0.9454167319745209, 0.90750269937859, 0.8607682859085688], "ci_sd_ewc": [0.9941239316239316, 0.4967532467532468, 0.3309882747068677, 0.24895055970149255, 0.19939759036144578], "ci_sd_syn": [0.9951923076923077, 0.4955044955044955, 0.330820770519263, 0.27230837020925525, 0.19929718875502006], "ci_sd_gem": [0.9951923076923077, 0.7409465534465535, 0.6659687186069095, 0.6696941405672796, 0.6057500533778526], "di_ff_none": [0.9887820512820513, 0.7542145354645354, 0.7066764870156831, 0.7280827960436356, 0.7591955180820621], "di_ff_mas": [0.9903846153846154, 0.7561362248862249, 0.6885120858110808, 0.7281589113253264, 0.7595133768488956], "di_ff_rep": [0.9903846153846154, 0.979669635919636, 0.974403734642428, 0.9593210750754534, 0.9574312518062591], "di_ff_ewc": [0.9903846153846154, 0.7729284604284605, 0.7764260911245836, 0.7544625555001596, 0.8121410331271756], "di_ff_syn": [0.9903846153846154, 0.7715756465756466, 0.7225339242927182, 0.7374280813428511, 0.7706068710440666], "di_ff_gem": [0.9903846153846154, 0.8658771783771784, 0.8684587536974472, 0.8788777563418023, 0.9059303293958724], "di_sd_none": [0.9941239316239316, 0.743048618048618, 0.70233713801553, 0.7160394747646539, 0.732793410028441], "di_sd_mas": [0.9957264957264957, 0.7860854423354424, 0.7567919424703344, 0.773759836342104, 0.8124287398911069], "di_sd_rep": [0.9946581196581197, 0.9711573149073149, 0.9646158257339161, 0.9507158071579994, 0.9572408663009867], "di_sd_ewc": [0.9941239316239316, 0.7481927794427794, 0.7022694665282604, 0.7304349627919435, 0.7819337559581974], "di_sd_syn": [0.9946581196581197, 0.7727654290154291, 0.76682065607945, 0.7378064223396295, 0.8225482634568863], "di_sd_gem": [0.9957264957264957, 0.8609411421911422, 0.8729380706767641, 0.8677985445853471, 0.891864800004166], "ti_ff_none": [0.9898504273504274, 0.9793574481074481, 0.9709376887768847, 0.8528971023637687, 0.9517919980730843], "ti_ff_mas": [0.9903846153846154, 0.9785388222888223, 0.9593431066421015, 0.8771374491654997, 0.9306032684356612], "ti_ff_rep": [0.9893162393162394, 0.9930139305139305, 0.9943587121979082, 0.9918275113835471, 0.9936755651436602], "ti_ff_ewc": [0.9903846153846154, 0.9846819846819846, 0.9777377540568496, 0.9187093481631705, 0.946946366948189], "ti_ff_syn": [0.9893162393162394, 0.9879391441891442, 0.9885308112695048, 0.9588309940120298, 0.9837202074400734], "ti_ff_gem": [0.9903846153846154, 0.9899891774891775, 0.9904981418172373, 0.9873857171130619, 0.9883636143757115], "ti_sd_none": [0.9941239316239316, 0.8748126873126874, 0.9579024177014127, 0.9346693791985783, 0.9553769332408539], "ti_sd_mas": [0.9946581196581197, 0.9933330558330559, 0.9935473283463233, 0.9924794086905953, 0.9930734764942329], "ti_sd_rep": [0.9946581196581197, 0.9895347707847708, 0.9899447542035481, 0.9918006932597141, 0.993056348039179], "ti_sd_ewc": [0.9935897435897436, 0.9290154290154291, 0.9726978074968025, 0.9726072216230564, 0.9777028929185381], "ti_sd_syn": [0.9946581196581197, 0.991713147963148, 0.9934915238307198, 0.9914355422415779, 0.991918863506078], "ti_sd_gem": [0.9946581196581197, 0.9891289266289267, 0.9897581410772366, 0.9906965743183914, 0.9890930155715306]}