{"ci_ff_none": [0.9995, 0.495, 0.33349999999999996, 0.25, 0.20049999999999998], "ci_ff_mas": [0.9995, 0.49425, 0.3333333333333333, 0.252625, 0.2839], "ci_ff_rep": [0.9995, 0.9762500000000001, 0.9495, 0.8558749999999999, 0.7924], "ci_ff_ewc": [0.9995, 0.4895, 0.3343333333333333, 0.25825, 0.28959999999999997], "ci_ff_syn": [0.9995, 0.494, 0.34566666666666673, 0.270375, 0.24100000000000002], "ci_ff_gem": [0.9995, 0.7152499999999999, 0.8693333333333334, 0.6715, 0.6634], "ci_sd_none": [0.999, 0.4955, 0.33316666666666667, 0.24975, 0.1966], "ci_sd_mas": [0.999, 0.49275, 0.33316666666666667, 0.249375, 0.1973], "ci_sd_rep": [0.999, 0.9725, 0.9421666666666667, 0.85425, 0.7806], "ci_sd_ewc": [0.9985, 0.49075, 0.33266666666666667, 0.2495, 0.1958], "ci_sd_syn": [0.999, 0.4645, 0.33266666666666667, 0.24975, 0.1963], "ci_sd_gem": [0.999, 0.9115, 0.8156666666666667, 0.6355, 0.6351], "di_ff_none": [0.9995, 0.9924999999999999, 0.44849999999999995, 0.5091249999999999, 0.5026999999999999], "di_ff_mas": [0.9995, 0.9922500000000001, 0.462, 0.627, 0.7815], "di_ff_rep": [0.9995, 0.993, 0.9635000000000001, 0.90225, 0.9073], "di_ff_ewc": [0.9995, 0.9915, 0.513, 0.709125, 0.7878999999999999], "di_ff_syn": [0.9995, 0.9924999999999999, 0.4771666666666667, 0.662, 0.7299], "di_ff_gem": [0.9995, 0.9910000000000001, 0.8781666666666667, 0.798, 0.8529], "di_sd_none": [0.999, 0.992, 0.44216666666666665, 0.63425, 0.6503], "di_sd_mas": [0.9995, 0.9935, 0.7173333333333334, 0.7004999999999999, 0.7653000000000001], "di_sd_rep": [0.9985, 0.993, 0.9638333333333332, 0.8863750000000001, 0.8934], "di_sd_ewc": [0.9985, 0.9922500000000001, 0.4068333333333333, 0.6595000000000001, 0.7673000000000001], "di_sd_syn": [0.9985, 0.99125, 0.498, 0.608125, 0.7222000000000001], "di_sd_gem": [0.9995, 0.9922500000000001, 0.9406666666666667, 0.788375, 0.8596999999999999], "ti_ff_none": [0.9995, 0.6945, 0.9868333333333333, 0.93875, 0.9471999999999999], "ti_ff_mas": [0.9995, 0.9942500000000001, 0.996, 0.853125, 0.8493999999999999], "ti_ff_rep": [0.9995, 0.99575, 0.9965000000000002, 0.9972500000000001, 0.9949000000000001], "ti_ff_ewc": [0.9995, 0.9810000000000001, 0.863, 0.84075, 0.9663999999999999], "ti_ff_syn": [0.9995, 0.9935, 0.9926666666666667, 0.9817500000000001, 0.9863], "ti_ff_gem": [0.9995, 0.99375, 0.9953333333333333, 0.9945, 0.9932000000000001], "ti_sd_none": [0.999, 0.99475, 0.9703333333333334, 0.9606250000000001, 0.9258000000000001], "ti_sd_mas": [0.9985, 0.9935, 0.9948333333333333, 0.996, 0.9915], "ti_sd_rep": [0.9995, 0.99475, 0.996, 0.996625, 0.9901], "ti_sd_ewc": [0.9985, 0.992, 0.9891666666666667, 0.9938750000000001, 0.9898], "ti_sd_syn": [0.9995, 0.9944999999999999, 0.9938333333333333, 0.995125, 0.9926], "ti_sd_gem": [0.9985, 0.99175, 0.9936666666666666, 0.985, 0.9789]}