{"ci_ff_none": [0.963, 0.4985, 0.28683333333333333, 0.247625, 0.198], "ci_ff_mas": [0.947, 0.4975, 0.297, 0.24812499999999998, 0.2334], "ci_ff_rep": [0.945, 0.93475, 0.8433333333333334, 0.80525, 0.8131999999999999], "ci_ff_ewc": [0.945, 0.49725, 0.294, 0.24675, 0.2661], "ci_ff_syn": [0.945, 0.4975, 0.3593333333333333, 0.246625, 0.2732], "ci_ff_gem": [0.947, 0.81575, 0.7363333333333334, 0.642625, 0.6866], "ci_sd_none": [0.9645, 0.4985, 0.29150000000000004, 0.247125, 0.1958], "ci_sd_mas": [0.956, 0.4985, 0.3133333333333333, 0.246625, 0.2694], "ci_sd_rep": [0.955, 0.93725, 0.8455, 0.78775, 0.805], "ci_sd_ewc": [0.952, 0.49875, 0.27499999999999997, 0.247, 0.2467], "ci_sd_syn": [0.955, 0.49725, 0.303, 0.247375, 0.259], "ci_sd_gem": [0.956, 0.68375, 0.7268333333333333, 0.590625, 0.6559], "di_ff_none": [0.962, 0.74875, 0.613, 0.7185, 0.6065], "di_ff_mas": [0.948, 0.74725, 0.7723333333333332, 0.6925000000000001, 0.6068], "di_ff_rep": [0.945, 0.9570000000000001, 0.9191666666666668, 0.8945, 0.8906000000000001], "di_ff_ewc": [0.9455, 0.747, 0.7671666666666667, 0.745125, 0.6249999999999999], "di_ff_syn": [0.945, 0.7475, 0.7766666666666667, 0.725375, 0.6172000000000001], "di_ff_gem": [0.948, 0.8995, 0.8961666666666667, 0.8324999999999999, 0.8196999999999999], "di_sd_none": [0.9645, 0.74825, 0.8019999999999999, 0.64325, 0.6069], "di_sd_mas": [0.954, 0.748, 0.7648333333333334, 0.704125, 0.6500999999999999], "di_sd_rep": [0.9515, 0.954, 0.9075000000000001, 0.8872500000000001, 0.8793], "di_sd_ewc": [0.954, 0.7477499999999999, 0.8478333333333333, 0.702375, 0.6342000000000001], "di_sd_syn": [0.9515, 0.7484999999999999, 0.7708333333333334, 0.7175, 0.6371], "di_sd_gem": [0.954, 0.922, 0.8803333333333333, 0.8206249999999999, 0.8341000000000001], "ti_ff_none": [0.963, 0.7484999999999999, 0.8261666666666666, 0.826, 0.8141], "ti_ff_mas": [0.947, 0.7484999999999999, 0.7825000000000001, 0.911625, 0.8864000000000001], "ti_ff_rep": [0.945, 0.9735, 0.935, 0.941625, 0.9482000000000002], "ti_ff_ewc": [0.945, 0.753, 0.7789999999999999, 0.8073750000000001, 0.8368], "ti_ff_syn": [0.945, 0.7482500000000001, 0.7795, 0.8285, 0.8459], "ti_ff_gem": [0.947, 0.95425, 0.9213333333333334, 0.927875, 0.9308], "ti_sd_none": [0.9645, 0.90725, 0.7555000000000001, 0.824, 0.8301000000000001], "ti_sd_mas": [0.9525, 0.974, 0.9345, 0.948375, 0.9503999999999999], "ti_sd_rep": [0.953, 0.97475, 0.934, 0.942, 0.9501000000000002], "ti_sd_ewc": [0.9535, 0.9764999999999999, 0.9089999999999999, 0.936, 0.9419000000000001], "ti_sd_syn": [0.953, 0.96975, 0.9325000000000001, 0.9453750000000001, 0.9487], "ti_sd_gem": [0.9525, 0.96775, 0.9283333333333333, 0.93275, 0.9408999999999998]}