{"ci_ff_none": [0.9989806320081549, 0.4989832231825114, 0.3305528295714753, 0.24700897308075773, 0.19911198815984213], "ci_ff_mas": [0.9959225280326198, 0.49923871297406186, 0.3384130598446497, 0.26369395248992966, 0.20070100502636148], "ci_ff_rep": [0.9959225280326198, 0.9725023281701592, 0.9525184810154018, 0.9255567250157083, 0.8963930574876606], "ci_ff_ewc": [0.9974515800203874, 0.4992393607676509, 0.34062198004064115, 0.26025334203473977, 0.2055883826289608], "ci_ff_syn": [0.9959225280326198, 0.506885268500078, 0.33220197371779936, 0.2532416244886538, 0.20489097670752193], "ci_ff_gem": [0.9959225280326198, 0.8083652954690207, 0.8039464176749131, 0.7199592921930661, 0.6782756533287195], "ci_sd_none": [0.9989806320081549, 0.4992374173868836, 0.328426561988878, 0.24675972083748754, 0.19960532807104095], "ci_sd_mas": [0.9984709480122325, 0.500512275170279, 0.3377234011167915, 0.24799228418767252, 0.20110497319093534], "ci_sd_rep": [0.9979612640163099, 0.9663776989024304, 0.9417933718336003, 0.8988012381196507, 0.8744316767984494], "ci_sd_ewc": [0.9979612640163099, 0.4987290289781393, 0.32891723912332355, 0.24738285144566302, 0.1994079921065614], "ci_sd_syn": [0.9979612640163099, 0.49796644636502285, 0.3290807981681387, 0.24738285144566302, 0.19960842681624588], "ci_sd_gem": [0.9984709480122325, 0.7296223570669357, 0.7398414138807278, 0.659160871324934, 0.6311786184551609], "di_ff_none": [0.9989806320081549, 0.7089723817090039, 0.6595485066024781, 0.6963930466653042, 0.7301830277990236], "di_ff_mas": [0.9959225280326198, 0.6671802374241239, 0.6492633984911936, 0.6837307361722297, 0.7241030997799442], "di_ff_rep": [0.9959225280326198, 0.9768275164060205, 0.9669415365776396, 0.9582547106295981, 0.9595433060158], "di_ff_ewc": [0.9974515800203874, 0.659788523896069, 0.6875090044262461, 0.7046865630501983, 0.746091541544624], "di_ff_syn": [0.9959225280326198, 0.6857843510688854, 0.6631918901574511, 0.7056397241010457, 0.7154539491801175], "di_ff_gem": [0.9959225280326198, 0.8888966624119584, 0.8532474368307117, 0.8451646997562494, 0.8755067806627622], "di_sd_none": [0.9989806320081549, 0.6913889316432658, 0.6560149829916426, 0.6902214660899417, 0.6843772625689074], "di_sd_mas": [0.9979612640163099, 0.7726841767864981, 0.7427213157520446, 0.7491701602502768, 0.7125580053101508], "di_sd_rep": [0.9984709480122325, 0.9763152412357414, 0.9654628800068168, 0.9492953340017, 0.9496273708636354], "di_sd_ewc": [0.9979612640163099, 0.6236048469471043, 0.6596896127866844, 0.6710331827239125, 0.7248689278506292], "di_sd_syn": [0.9984709480122325, 0.6480690309577966, 0.6693610945322147, 0.6570068057206766, 0.6870599635850327], "di_sd_gem": [0.9979612640163099, 0.8203415737860218, 0.8272473686335795, 0.8210470853599786, 0.8549690746181323], "ti_ff_none": [0.9989806320081549, 0.9788507053435715, 0.9748193072449197, 0.8344072014151626, 0.8263144108792965], "ti_ff_mas": [0.9959225280326198, 0.9895540692579446, 0.9687581028817155, 0.8851772016775441, 0.882681895474564], "ti_ff_rep": [0.9959225280326198, 0.9979638551906664, 0.9948313227196014, 0.9922638530755608, 0.9942112090374421], "ti_ff_ewc": [0.9974515800203874, 0.9959257670005655, 0.9375713280180978, 0.9581407027876676, 0.9089009788594649], "ti_ff_syn": [0.9959225280326198, 0.9893005228471616, 0.9808196229945603, 0.957477904286294, 0.9377260735606221], "ti_ff_gem": [0.9959225280326198, 0.9908295748349292, 0.9929747207798107, 0.9881034786825578, 0.9888107649712772], "ti_sd_none": [0.9989806320081549, 0.9829301206917191, 0.9603627185638385, 0.9104151594161147, 0.9103241963786324], "ti_sd_mas": [0.9984709480122325, 0.9984728913929999, 0.9945363145948255, 0.993035835148512, 0.9946345896721616], "ti_sd_rep": [0.9979612640163099, 0.9959283581749219, 0.9945173077333486, 0.9911308347684736, 0.9913089030273454], "ti_sd_ewc": [0.9979612640163099, 0.9712054454047336, 0.9802589694039012, 0.9811869946050644, 0.9869102268591525], "ti_sd_syn": [0.9979612640163099, 0.9977096609862943, 0.9928568066656202, 0.9897712309107735, 0.9931206290415953], "ti_sd_gem": [0.9984709480122325, 0.9949057512151311, 0.9883877071319068, 0.9877030468634608, 0.989416486368319]}