{"ci_ff_none": [0.9821621621621621, 0.4981541301338256, 0.3311156601842375, 0.24678058444774642, 0.1992030930045168], "ci_ff_mas": [0.9827027027027027, 0.4979233964005538, 0.3312862504264756, 0.2507468075797833, 0.20900859742890301], "ci_ff_rep": [0.9827027027027027, 0.9816015415507802, 0.9528975354866277, 0.913119282043009, 0.9073323074736447], "ci_ff_ewc": [0.9832432432432432, 0.49769266266728196, 0.3319015403818671, 0.2758276921953824, 0.21328150304580248], "ci_ff_syn": [0.9827027027027027, 0.4990440140186333, 0.3309450699419993, 0.2666240571277064, 0.21440369787557473], "ci_ff_gem": [0.9827027027027027, 0.8822081841878797, 0.763409125493513, 0.7247873814655937, 0.7247139323645886], "ci_sd_none": [0.9875675675675676, 0.49561605906783573, 0.3309450699419993, 0.24591381872213966, 0.19840796019900497], "ci_sd_mas": [0.9875675675675676, 0.49769266266728196, 0.3564796030907456, 0.30351273951706487, 0.2578489007418419], "ci_sd_rep": [0.9881081081081081, 0.9779694184262713, 0.9412280328973407, 0.9045294377817283, 0.8924694393301105], "ci_sd_ewc": [0.9891891891891892, 0.49769266266728196, 0.3314568406687138, 0.24430411094601287, 0.19860696517412935], "ci_sd_syn": [0.9881081081081081, 0.4963082602676511, 0.3311156601842375, 0.2469044081228331, 0.19800995024875623], "ci_sd_gem": [0.9875675675675676, 0.8139484154204966, 0.7478372736362334, 0.6741719718658302, 0.6599210226382577], "di_ff_none": [0.9827027027027027, 0.8868818518564712, 0.5847869872565797, 0.68071704517499, 0.7171202121094036], "di_ff_mas": [0.9827027027027027, 0.8866511181231993, 0.5884083012332236, 0.70394505324263, 0.6897411210744651], "di_ff_rep": [0.9827027027027027, 0.9848778358423029, 0.9694898260502072, 0.9586742870158091, 0.9466592166134891], "di_ff_ewc": [0.9832432432432432, 0.9001646316367129, 0.6705919179496743, 0.7583393210759319, 0.7524737436705567], "di_ff_syn": [0.9827027027027027, 0.9034474114169546, 0.5974657019657513, 0.7022001432782543, 0.7591430389434709], "di_ff_gem": [0.9827027027027027, 0.9508237817882488, 0.8557472688976464, 0.8725835823586794, 0.8654473922226149], "di_sd_none": [0.9875675675675676, 0.8780420060115491, 0.5145773330637388, 0.6135333069493566, 0.6818613917530233], "di_sd_mas": [0.987027027027027, 0.9337572182242233, 0.6789884063102088, 0.7710685438744554, 0.7662231385248806], "di_sd_rep": [0.9886486486486487, 0.9852602302348495, 0.9600050787931433, 0.9490836763627285, 0.9351370613231735], "di_sd_ewc": [0.9886486486486487, 0.8644889559610371, 0.5194464367383643, 0.6758628175519666, 0.7551305177427314], "di_sd_syn": [0.9886486486486487, 0.9454974494568403, 0.5645985194956719, 0.7178628004331564, 0.7546017022841667], "di_sd_gem": [0.987027027027027, 0.933058531535689, 0.8484366858631806, 0.8651784087694904, 0.8489279912356149], "ti_ff_none": [0.9821621621621621, 0.97247845445815, 0.9656652440948094, 0.9575495931255835, 0.8785537794207249], "ti_ff_mas": [0.9827027027027027, 0.9083848638670973, 0.9611803614999973, 0.9619717820487412, 0.8936244716510702], "ti_ff_rep": [0.9827027027027027, 0.9898152882924457, 0.9910595900594291, 0.9902370469077999, 0.9919552061635546], "ti_ff_ewc": [0.9832432432432432, 0.9589649409446364, 0.9309331790283008, 0.8888477829447707, 0.9170817611404931], "ti_ff_syn": [0.9827027027027027, 0.8878838598635553, 0.9872657743038946, 0.965582859896376, 0.9630336431570587], "ti_ff_gem": [0.9827027027027027, 0.9854118908941244, 0.9816969564716995, 0.9809303502347481, 0.9803648417977107], "ti_sd_none": [0.9875675675675676, 0.9646406166203121, 0.9841236381668347, 0.9585271386349137, 0.9691008520197599], "ti_sd_mas": [0.9897297297297297, 0.9919774504546078, 0.9924243705493673, 0.9919699658872374, 0.9916514465114176], "ti_sd_rep": [0.987027027027027, 0.9904744384439816, 0.9914199504197895, 0.9910633376830231, 0.9909522690985545], "ti_sd_ewc": [0.9891891891891892, 0.9766115815862009, 0.9901515113430799, 0.987603914910916, 0.987452193200075], "ti_sd_syn": [0.987027027027027, 0.9866906546601978, 0.9871004503404527, 0.9875755205364711, 0.9893960761380113], "ti_sd_gem": [0.9897297297297297, 0.967771735741279, 0.9849780588808693, 0.981811826808877, 0.9830265898335047]}