{"ci_ff_none": [0.8725, 0.5, 0.33316666666666667, 0.246, 0.2008], "ci_ff_mas": [0.839, 0.499, 0.3365, 0.24525, 0.21390000000000003], "ci_ff_rep": [0.8375, 0.7909999999999999, 0.8450000000000001, 0.822875, 0.7838], "ci_ff_ewc": [0.8385, 0.4995, 0.37683333333333335, 0.243125, 0.2063], "ci_ff_syn": [0.8375, 0.499, 0.3378333333333334, 0.24912499999999999, 0.2197], "ci_ff_gem": [0.839, 0.61075, 0.7521666666666667, 0.750375, 0.668], "ci_sd_none": [0.8695, 0.49975, 0.33316666666666667, 0.245, 0.1998], "ci_sd_mas": [0.862, 0.5, 0.3333333333333333, 0.24675, 0.2109], "ci_sd_rep": [0.8575, 0.82725, 0.8418333333333333, 0.816125, 0.7810999999999999], "ci_sd_ewc": [0.862, 0.5, 0.33316666666666667, 0.245625, 0.19970000000000002], "ci_sd_syn": [0.8575, 0.4995, 0.33316666666666667, 0.24175, 0.1998], "ci_sd_gem": [0.862, 0.525, 0.6625000000000001, 0.613875, 0.5734], "di_ff_none": [0.868, 0.74925, 0.5315, 0.566125, 0.5687], "di_ff_mas": [0.839, 0.7495, 0.5595, 0.613, 0.5804], "di_ff_rep": [0.8375, 0.8845000000000001, 0.8926666666666666, 0.9176249999999999, 0.8795], "di_ff_ewc": [0.838, 0.74925, 0.7101666666666667, 0.696375, 0.6100000000000001], "di_ff_syn": [0.8375, 0.74925, 0.5673333333333334, 0.64225, 0.6086], "di_ff_gem": [0.839, 0.77625, 0.8188333333333334, 0.886375, 0.7982], "di_sd_none": [0.8695, 0.7495, 0.5093333333333333, 0.599125, 0.5417], "di_sd_mas": [0.8615, 0.74975, 0.5461666666666667, 0.674, 0.5781], "di_sd_rep": [0.86, 0.88075, 0.883, 0.910625, 0.8821999999999999], "di_sd_ewc": [0.8575, 0.75, 0.513, 0.61175, 0.5681999999999999], "di_sd_syn": [0.86, 0.75, 0.5583333333333332, 0.593375, 0.5610999999999999], "di_sd_gem": [0.8615, 0.77, 0.8266666666666667, 0.887375, 0.8142999999999999], "ti_ff_none": [0.8705, 0.8927499999999999, 0.832, 0.872375, 0.8903000000000001], "ti_ff_mas": [0.839, 0.74975, 0.8333333333333334, 0.83175, 0.8663000000000001], "ti_ff_rep": [0.8375, 0.92525, 0.9465, 0.955875, 0.9635999999999999], "ti_ff_ewc": [0.8385, 0.865, 0.9336666666666668, 0.8685, 0.9145000000000001], "ti_ff_syn": [0.8375, 0.75775, 0.8424999999999999, 0.87525, 0.9173], "ti_ff_gem": [0.839, 0.86575, 0.9249999999999999, 0.94875, 0.9544], "ti_sd_none": [0.8695, 0.89225, 0.9301666666666666, 0.928625, 0.9209000000000002], "ti_sd_mas": [0.864, 0.93075, 0.9518333333333334, 0.9595000000000001, 0.9673], "ti_sd_rep": [0.856, 0.92125, 0.9458333333333334, 0.954125, 0.9635999999999999], "ti_sd_ewc": [0.8635, 0.931, 0.9531666666666667, 0.9508749999999999, 0.9109999999999999], "ti_sd_syn": [0.856, 0.92075, 0.9448333333333334, 0.9454999999999999, 0.9514000000000001], "ti_sd_gem": [0.864, 0.9239999999999999, 0.9426666666666668, 0.95325, 0.9602999999999999]}