{"ci_ff_none": [0.9885114885114885, 0.49925999013320177, 0.33231655651584474, 0.24949031600407748, 0.1980411361410382], "ci_ff_mas": [0.989010989010989, 0.5020134034687562, 0.3326525194852597, 0.24949031600407748, 0.197845249755142], "ci_ff_rep": [0.989010989010989, 0.9743342498645903, 0.9489719380078535, 0.9252508152419343, 0.898170243407719], "ci_ff_ewc": [0.9885114885114885, 0.507757659213012, 0.3326504659558258, 0.2512457390278932, 0.19715964740450537], "ci_ff_syn": [0.989010989010989, 0.5030093241736063, 0.3344493466318578, 0.26294315042027994, 0.20219848023314674], "ci_ff_gem": [0.989010989010989, 0.8541643359107591, 0.7734044922411231, 0.7535102433895855, 0.6943036087091279], "ci_sd_none": [0.9945054945054945, 0.4995066600888012, 0.33163870530418577, 0.24936289500509684, 0.19657198824681685], "ci_sd_mas": [0.9955044955044955, 0.49876665022200295, 0.4252339226241369, 0.25215935514998494, 0.19786122418008767], "ci_sd_rep": [0.9945054945054945, 0.9665673497691258, 0.9267416771362612, 0.9151259563866566, 0.8782520436407619], "ci_sd_ewc": [0.995004995004995, 0.49876665022200295, 0.3318081681071005, 0.24910805300713557, 0.19539666993143975], "ci_sd_syn": [0.9945054945054945, 0.4975333004440059, 0.33248601931875954, 0.24936289500509684, 0.19764936336924582], "ci_sd_gem": [0.9955044955044955, 0.784474775347987, 0.6836559418719826, 0.6326722093591838, 0.618405913994202], "di_ff_none": [0.9885114885114885, 0.7537554946287063, 0.8173460039320742, 0.7290099031435822, 0.7807294271210057], "di_ff_mas": [0.989010989010989, 0.7744909259462787, 0.824720551139869, 0.7088313958048604, 0.7689617266905189], "di_ff_rep": [0.989010989010989, 0.9753055282162337, 0.9747360722268857, 0.9736422412023834, 0.9672599793178165], "di_ff_ewc": [0.988011988011988, 0.8264420581884815, 0.8426628782711347, 0.7830034877546874, 0.8231121377022482], "di_ff_syn": [0.989010989010989, 0.7934688646331468, 0.855991505306711, 0.7659328809907505, 0.7738301881028172], "di_ff_gem": [0.989010989010989, 0.9101083918548152, 0.9121060585648085, 0.9278978409726844, 0.9143433407687012], "di_sd_none": [0.9945054945054945, 0.7387735599378421, 0.7874310518138414, 0.705707752350974, 0.7671429190960655], "di_sd_mas": [0.9945054945054945, 0.8289426409801348, 0.8561618772166063, 0.7654974042956122, 0.784496808559032], "di_sd_rep": [0.995004995004995, 0.9738070267177321, 0.9674043749435217, 0.9638802309678796, 0.9632278766917507], "di_sd_ewc": [0.9945054945054945, 0.7370253081895903, 0.8159688571074364, 0.766523527914781, 0.7615775960745428], "di_sd_syn": [0.995004995004995, 0.7999654514208041, 0.8808953305430577, 0.7470677505135013, 0.756322323619991], "di_sd_gem": [0.9945054945054945, 0.906115468152962, 0.8689933636307061, 0.9243838133427142, 0.9066457119163763], "ti_ff_none": [0.9885114885114885, 0.8761300367121778, 0.8583219659736505, 0.8666022598004769, 0.871140022643278], "ti_ff_mas": [0.989010989010989, 0.9767824676556793, 0.956935570754004, 0.9596590111556972, 0.9370452744963185], "ti_ff_rep": [0.989010989010989, 0.9930131535952946, 0.9935060550304579, 0.9927207144696517, 0.9940053858667831], "ti_ff_ewc": [0.9885114885114885, 0.89661571778, 0.94134912362242, 0.9789860441553018, 0.9411383477136365], "ti_ff_syn": [0.989010989010989, 0.965546786711069, 0.9680245308937677, 0.9833330758966331, 0.9679120609283094], "ti_ff_gem": [0.989010989010989, 0.9880243091885914, 0.9910094616399361, 0.9904755080960049, 0.991202632863111], "ti_sd_none": [0.9945054945054945, 0.9390670996492407, 0.9325011168671575, 0.9696736138688796, 0.9491447062261044], "ti_sd_mas": [0.9915084915084915, 0.9960101565922976, 0.9969993605750741, 0.9964914440029723, 0.99484651217786], "ti_sd_rep": [0.994005994005994, 0.994770646225999, 0.9935133600412126, 0.9942467670891387, 0.991893605264535], "ti_sd_ewc": [0.994005994005994, 0.9705356311177722, 0.9808972200239907, 0.9841027014488308, 0.9884268959904864], "ti_sd_syn": [0.994005994005994, 0.9962660674303496, 0.9893296467928613, 0.9867492861821962, 0.9873395631520155], "ti_sd_gem": [0.9915084915084915, 0.9890140693051399, 0.9775334511160644, 0.9916038912875635, 0.9921099854053633]}