{"ci_ff_none": [0.9995, 0.49975, 0.31349999999999995, 0.24725, 0.2245], "ci_ff_mas": [0.998, 0.49975, 0.315, 0.2475, 0.2183], "ci_ff_rep": [0.998, 0.89125, 0.8544999999999999, 0.802125, 0.7935], "ci_ff_ewc": [0.998, 0.5, 0.3598333333333334, 0.24825, 0.2912], "ci_ff_syn": [0.998, 0.5, 0.4518333333333333, 0.24762499999999998, 0.24009999999999998], "ci_ff_gem": [0.998, 0.7625, 0.7263333333333334, 0.637, 0.6457], "ci_sd_none": [0.998, 0.4995, 0.31516666666666665, 0.247875, 0.1998], "ci_sd_mas": [0.9995, 0.49975, 0.4656666666666667, 0.26, 0.24420000000000003], "ci_sd_rep": [0.9995, 0.89125, 0.8466666666666667, 0.7922500000000001, 0.7933999999999999], "ci_sd_ewc": [0.9985, 0.4995, 0.3096666666666667, 0.247625, 0.1999], "ci_sd_syn": [0.9995, 0.5, 0.311, 0.247, 0.207], "ci_sd_gem": [0.9995, 0.7245, 0.7010000000000001, 0.586125, 0.6079], "di_ff_none": [0.999, 0.9970000000000001, 0.6683333333333333, 0.476125, 0.5109], "di_ff_mas": [0.998, 0.99575, 0.7878333333333334, 0.499625, 0.5141], "di_ff_rep": [0.998, 0.999, 0.9674999999999999, 0.90275, 0.8794000000000001], "di_ff_ewc": [0.998, 0.9995, 0.8981666666666666, 0.47975, 0.5407], "di_ff_syn": [0.998, 0.9982500000000001, 0.8188333333333334, 0.481875, 0.5312], "di_ff_gem": [0.998, 0.9975, 0.9605, 0.787625, 0.7565000000000001], "di_sd_none": [0.998, 0.98675, 0.6886666666666666, 0.497375, 0.49119999999999997], "di_sd_mas": [0.999, 0.99925, 0.8653333333333334, 0.626375, 0.5701], "di_sd_rep": [0.998, 0.99975, 0.9611666666666666, 0.8778750000000001, 0.8785000000000001], "di_sd_ewc": [0.9985, 0.99575, 0.5901666666666667, 0.515625, 0.5561], "di_sd_syn": [0.998, 0.9990000000000001, 0.7949999999999999, 0.524125, 0.5668], "di_sd_gem": [0.999, 0.9944999999999999, 0.9380000000000001, 0.743125, 0.7445999999999999], "ti_ff_none": [0.999, 0.99975, 0.9778333333333333, 0.941625, 0.7241], "ti_ff_mas": [0.998, 0.9995, 0.9698333333333333, 0.90725, 0.8523999999999999], "ti_ff_rep": [0.998, 0.99875, 0.9788333333333333, 0.9802500000000001, 0.9818], "ti_ff_ewc": [0.998, 0.9995, 0.972, 0.9655, 0.9821], "ti_ff_syn": [0.998, 0.99925, 0.9715000000000001, 0.9595, 0.9270999999999999], "ti_ff_gem": [0.998, 0.99875, 0.9801666666666667, 0.977625, 0.9826], "ti_sd_none": [0.998, 0.95475, 0.7941666666666668, 0.8426250000000001, 0.8532], "ti_sd_mas": [0.9985, 0.9990000000000001, 0.9753333333333334, 0.9795, 0.9837], "ti_sd_rep": [0.9985, 0.9995, 0.9783333333333334, 0.980125, 0.9833999999999999], "ti_sd_ewc": [0.9985, 0.99875, 0.8448333333333333, 0.9125, 0.9405000000000001], "ti_sd_syn": [0.9985, 0.98875, 0.9738333333333333, 0.98025, 0.9835], "ti_sd_gem": [0.9985, 0.9910000000000001, 0.9761666666666665, 0.979, 0.9662000000000001]}