{"ci_ff_none": [0.9898504273504274, 0.4998455359901143, 0.33517867122674705, 0.24973783032485816, 0.19760717846460618], "ci_ff_mas": [0.9898504273504274, 0.601859360518999, 0.3371713259858072, 0.24949487130930878, 0.19770687936191428], "ci_ff_rep": [0.9898504273504274, 0.9762511584800742, 0.9688930098334708, 0.9291954895867931, 0.9073568048461759], "ci_ff_ewc": [0.9909188034188035, 0.6237771599217382, 0.41352767781297434, 0.25849000810162526, 0.19720837487537388], "ci_ff_syn": [0.9898504273504274, 0.5663680362475543, 0.3718284740845859, 0.2569960297893829, 0.1968102719952592], "ci_ff_gem": [0.9898504273504274, 0.839589125733704, 0.832488420079074, 0.7250347571659423, 0.6884217733521127], "ci_sd_none": [0.9941239316239316, 0.4982429718875502, 0.3314840499306519, 0.24923741738688357, 0.19810568295114656], "ci_sd_mas": [0.9946581196581197, 0.4972389558232932, 0.3761759938505757, 0.2487290289781393, 0.19880951958562543], "ci_sd_rep": [0.9935897435897436, 0.9694129080424261, 0.9621716830454695, 0.9043137595451445, 0.8719049055188561], "ci_sd_ewc": [0.9935897435897436, 0.4979919678714859, 0.3300970873786408, 0.24898322318251143, 0.19790628115653042], "ci_sd_syn": [0.9935897435897436, 0.4992469879518072, 0.332514524115881, 0.24923741738688357, 0.19770687936191428], "ci_sd_gem": [0.9946581196581197, 0.7541029502625888, 0.7628183615360479, 0.666208831044451, 0.6192778253620113], "di_ff_none": [0.9914529914529915, 0.7668751930800124, 0.865328470728225, 0.6224812439860002, 0.7547948861765994], "di_ff_mas": [0.9898504273504274, 0.8686380135928329, 0.8891345221325336, 0.6304385506478337, 0.7611705477415185], "di_ff_rep": [0.9898504273504274, 0.9949895736793327, 0.9881137724672057, 0.9575996322327538, 0.9619912435840574], "di_ff_ewc": [0.9909188034188035, 0.9338250437648028, 0.93194965037432, 0.7036439366230363, 0.7859963248367355], "di_ff_syn": [0.9898504273504274, 0.9277140613736998, 0.9103772511481015, 0.6393971899307883, 0.7632930697130312], "di_ff_gem": [0.9898504273504274, 0.9517042529090722, 0.9599330290566108, 0.801471565859903, 0.8953386982680888], "di_sd_none": [0.9941239316239316, 0.741015343424982, 0.881243628567877, 0.5209598437013591, 0.7383998112639115], "di_sd_mas": [0.9946581196581197, 0.9736059623107816, 0.9691905030175588, 0.6675666733161596, 0.8013008047075154], "di_sd_rep": [0.9935897435897436, 0.9913307074451654, 0.9880840948582791, 0.9505409757590156, 0.9500254860800897], "di_sd_ewc": [0.9946581196581197, 0.7909619246215631, 0.8971180220960897, 0.5846621672712028, 0.8054765669399803], "di_sd_syn": [0.9935897435897436, 0.8847601946246525, 0.9374424241294635, 0.681407227834331, 0.8045556794156459], "di_sd_gem": [0.9946581196581197, 0.9344396818041396, 0.9525784658841157, 0.7339969030114433, 0.8955527258219647], "ti_ff_none": [0.9914529914529915, 0.9551925651323241, 0.8929693071990417, 0.9098279551487279, 0.8496094949414946], "ti_ff_mas": [0.9898504273504274, 0.9719873082071877, 0.9715081772851688, 0.8832998092811939, 0.8622691744473352], "ti_ff_rep": [0.9898504273504274, 0.9965921377818968, 0.9946563254333168, 0.9947664955091138, 0.9942265702430555], "ti_ff_ewc": [0.9909188034188035, 0.9896476933374523, 0.9871119017364193, 0.9792536016011548, 0.9847649031626415], "ti_ff_syn": [0.9898504273504274, 0.9888625012872001, 0.984350143440388, 0.9634931917037073, 0.9198687899158371], "ti_ff_gem": [0.9898504273504274, 0.9840226289774483, 0.9867843828102337, 0.9892441393609535, 0.9870481387458998], "ti_sd_none": [0.9941239316239316, 0.9635046596642982, 0.9832191956417011, 0.8672871901245459, 0.8360822099008527], "ti_sd_mas": [0.9946581196581197, 0.9965760477808671, 0.9958680817845632, 0.9949119106376201, 0.9947402544519287], "ti_sd_rep": [0.9941239316239316, 0.9966082277829266, 0.9935990301164591, 0.9912106380728922, 0.9919912786765067], "ti_sd_ewc": [0.9946581196581197, 0.9907965194109773, 0.9927512693113933, 0.9931840566979744, 0.9830864838010684], "ti_sd_syn": [0.9941239316239316, 0.995507671712491, 0.9946166382518588, 0.9931200062064491, 0.9910954384593638], "ti_sd_gem": [0.9946581196581197, 0.9926018175265163, 0.992126263152114, 0.9896000356646819, 0.9850219519749881]}