{"ci_ff_none": [0.9985, 0.498, 0.2831666666666667, 0.25, 0.20049999999999998], "ci_ff_mas": [0.998, 0.499, 0.2816666666666667, 0.249875, 0.20380000000000004], "ci_ff_rep": [0.998, 0.977, 0.8886666666666666, 0.8460000000000001, 0.7844], "ci_ff_ewc": [0.998, 0.49825, 0.28049999999999997, 0.25, 0.2065], "ci_ff_syn": [0.998, 0.4975, 0.2828333333333333, 0.25325000000000003, 0.2226], "ci_ff_gem": [0.998, 0.8225, 0.7578333333333332, 0.6617500000000001, 0.6181], "ci_sd_none": [0.9985, 0.49775, 0.2801666666666667, 0.24975, 0.19990000000000002], "ci_sd_mas": [0.998, 0.51025, 0.29416666666666663, 0.24975, 0.2003], "ci_sd_rep": [0.998, 0.976, 0.8858333333333333, 0.839375, 0.7871], "ci_sd_ewc": [0.9985, 0.498, 0.27699999999999997, 0.249875, 0.19990000000000002], "ci_sd_syn": [0.998, 0.49725, 0.2695, 0.25, 0.19990000000000002], "ci_sd_gem": [0.998, 0.7757499999999999, 0.6811666666666666, 0.576125, 0.5081], "di_ff_none": [0.9985, 0.528, 0.5855, 0.55675, 0.638], "di_ff_mas": [0.998, 0.5245000000000001, 0.5748333333333333, 0.57125, 0.641], "di_ff_rep": [0.998, 0.98, 0.9138333333333333, 0.901, 0.8981], "di_ff_ewc": [0.998, 0.5415, 0.6166666666666667, 0.62275, 0.6519999999999999], "di_ff_syn": [0.998, 0.5515, 0.6276666666666667, 0.618, 0.6627], "di_ff_gem": [0.998, 0.8925000000000001, 0.852, 0.775375, 0.8000999999999999], "di_sd_none": [0.9985, 0.5445, 0.6088333333333333, 0.580125, 0.629], "di_sd_mas": [0.999, 0.66275, 0.8363333333333333, 0.627875, 0.6668000000000001], "di_sd_rep": [0.998, 0.97775, 0.899, 0.904, 0.8954999999999999], "di_sd_ewc": [0.998, 0.5385, 0.5246666666666666, 0.5783750000000001, 0.6293], "di_sd_syn": [0.998, 0.5405, 0.48900000000000005, 0.54, 0.6548], "di_sd_gem": [0.999, 0.9259999999999999, 0.867, 0.786875, 0.7661], "ti_ff_none": [0.999, 0.7677499999999999, 0.8335, 0.883, 0.8428000000000001], "ti_ff_mas": [0.998, 0.9955, 0.9301666666666667, 0.899875, 0.8745], "ti_ff_rep": [0.998, 0.9975, 0.9461666666666666, 0.9557500000000001, 0.9626000000000001], "ti_ff_ewc": [0.998, 0.99325, 0.9129999999999999, 0.922125, 0.9030000000000001], "ti_ff_syn": [0.998, 0.99525, 0.9136666666666667, 0.9375, 0.9013], "ti_ff_gem": [0.998, 0.99725, 0.9465, 0.951875, 0.9612], "ti_sd_none": [0.9985, 0.9955, 0.9276666666666666, 0.94875, 0.8981], "ti_sd_mas": [0.999, 0.9950000000000001, 0.9265, 0.9176250000000001, 0.9349000000000001], "ti_sd_rep": [0.9985, 0.996, 0.9470000000000001, 0.953375, 0.9611000000000001], "ti_sd_ewc": [0.998, 0.92925, 0.8618333333333333, 0.91275, 0.8835000000000001], "ti_sd_syn": [0.9985, 0.99575, 0.9371666666666667, 0.9555, 0.9652000000000001], "ti_sd_gem": [0.999, 0.9962500000000001, 0.9420000000000001, 0.94325, 0.9581]}