{"ci_ff_none": [0.987, 0.5135000000000001, 0.32466666666666666, 0.25175, 0.1966], "ci_ff_mas": [0.985, 0.631, 0.38549999999999995, 0.250875, 0.19569999999999999], "ci_ff_rep": [0.9845, 0.97525, 0.9013333333333334, 0.8135, 0.8010999999999999], "ci_ff_ewc": [0.9865, 0.5205, 0.3343333333333333, 0.250625, 0.1956], "ci_ff_syn": [0.9845, 0.5775, 0.486, 0.258375, 0.19549999999999998], "ci_ff_gem": [0.985, 0.8255, 0.662, 0.569125, 0.6535], "ci_sd_none": [0.99, 0.4895, 0.3155, 0.25, 0.1951], "ci_sd_mas": [0.9905, 0.48724999999999996, 0.4583333333333333, 0.24987499999999999, 0.1957], "ci_sd_rep": [0.9905, 0.976, 0.8938333333333334, 0.8145, 0.794], "ci_sd_ewc": [0.99, 0.48925, 0.31316666666666665, 0.249875, 0.196], "ci_sd_syn": [0.9905, 0.48925, 0.31466666666666665, 0.24975, 0.196], "ci_sd_gem": [0.9905, 0.97525, 0.7826666666666666, 0.583, 0.6169], "di_ff_none": [0.9855, 0.915, 0.5508333333333334, 0.6405, 0.5287], "di_ff_mas": [0.986, 0.938, 0.5313333333333333, 0.6335, 0.5181], "di_ff_rep": [0.9845, 0.9784999999999999, 0.9006666666666666, 0.896625, 0.8578000000000001], "di_ff_ewc": [0.9865, 0.95625, 0.5876666666666667, 0.649875, 0.5633], "di_ff_syn": [0.9845, 0.9595, 0.5910000000000001, 0.6508750000000001, 0.5398000000000001], "di_ff_gem": [0.986, 0.968, 0.8331666666666667, 0.798125, 0.7752000000000001], "di_sd_none": [0.99, 0.7195, 0.5283333333333333, 0.6305000000000001, 0.5226000000000001], "di_sd_mas": [0.989, 0.9804999999999999, 0.7181666666666667, 0.7226250000000001, 0.5382], "di_sd_rep": [0.99, 0.9815, 0.9023333333333333, 0.8936250000000001, 0.8491], "di_sd_ewc": [0.9895, 0.77475, 0.643, 0.650875, 0.5223], "di_sd_syn": [0.99, 0.87825, 0.6458333333333334, 0.656625, 0.5269], "di_sd_gem": [0.989, 0.98, 0.8248333333333333, 0.795625, 0.7594], "ti_ff_none": [0.9855, 0.9775, 0.9736666666666668, 0.7947500000000001, 0.8199000000000002], "ti_ff_mas": [0.985, 0.9784999999999999, 0.9148333333333333, 0.8808750000000001, 0.8208], "ti_ff_rep": [0.9845, 0.9805, 0.9708333333333333, 0.9770000000000001, 0.9781000000000001], "ti_ff_ewc": [0.9865, 0.97725, 0.9606666666666667, 0.805875, 0.8766], "ti_ff_syn": [0.9845, 0.97875, 0.9699999999999999, 0.948125, 0.8682000000000001], "ti_ff_gem": [0.985, 0.97875, 0.9648333333333333, 0.96325, 0.9544], "ti_sd_none": [0.99, 0.982, 0.9303333333333333, 0.8066250000000001, 0.8785000000000001], "ti_sd_mas": [0.9895, 0.98525, 0.9736666666666666, 0.9804999999999999, 0.9787000000000001], "ti_sd_rep": [0.9895, 0.98575, 0.9733333333333333, 0.9748749999999999, 0.9682999999999999], "ti_sd_ewc": [0.99, 0.985, 0.9714999999999999, 0.979, 0.9776], "ti_sd_syn": [0.9895, 0.986, 0.9688333333333333, 0.974625, 0.9754999999999999], "ti_sd_gem": [0.9895, 0.985, 0.9620000000000001, 0.9628749999999999, 0.9667]}