{"ci_ff_none": [0.9990552668871044, 0.49871101805199103, 0.33035401331931297, 0.2529228024705817, 0.19973706629858048], "ci_ff_mas": [1.0, 0.49871101805199103, 0.32857251555681005, 0.24887838953652666, 0.19799657121338746], "ci_ff_rep": [1.0, 0.9750808030183431, 0.9548974122574442, 0.9423049800563177, 0.9033327302595016], "ci_ff_ewc": [0.9990552668871044, 0.5022537672253495, 0.32783011056805417, 0.25257776023222606, 0.19852726383604208], "ci_ff_syn": [1.0, 0.5286882834602783, 0.32731678014972243, 0.25074627896160784, 0.2007006586930827], "ci_ff_gem": [1.0, 0.8316754075692478, 0.8073406910874407, 0.7762317545691186, 0.7031961814311201], "ci_sd_none": [0.9990552668871044, 0.4992374173868836, 0.3298282509638976, 0.2488817097415507, 0.1985014985014985], "ci_sd_mas": [0.9995276334435522, 0.5000740849428897, 0.32929090597736826, 0.24863320079522863, 0.212417502974163], "ci_sd_rep": [0.9985829003306566, 0.9700268170683064, 0.9453928634526575, 0.9213180100342352, 0.8746111410220468], "ci_sd_ewc": [0.9995276334435522, 0.498220640569395, 0.326323168594462, 0.2481361829025845, 0.19730269730269728], "ci_sd_syn": [0.9985829003306566, 0.49847483477376714, 0.3270241850683491, 0.24863320079522863, 0.1986013986013986], "ci_sd_gem": [0.9995276334435522, 0.798573726765605, 0.7399698802703334, 0.671403132714067, 0.5887862350388806], "di_ff_none": [0.9990552668871044, 0.7191060384871879, 0.8581391000735951, 0.5394562892562056, 0.5859527058024472], "di_ff_mas": [1.0, 0.7481385707825796, 0.8705706523180616, 0.5547215628961489, 0.6007139501486879], "di_ff_rep": [1.0, 0.9835432967055134, 0.9783996168903832, 0.9563942853707428, 0.9350505887369396], "di_ff_ewc": [0.9990552668871044, 0.7684143108575386, 0.9009550608670834, 0.644539828651876, 0.645587992027693], "di_ff_syn": [1.0, 0.7715207153267458, 0.8716357194188009, 0.6086920086788044, 0.6277981483649704], "di_ff_gem": [1.0, 0.8742244195018466, 0.932084354815992, 0.8814267157422419, 0.8568515313355117], "di_sd_none": [0.9990552668871044, 0.7540251418120288, 0.8595875197313294, 0.5040044646343376, 0.5383180255830186], "di_sd_mas": [0.997638167217761, 0.7893986007671694, 0.8658186858416904, 0.6048246150260385, 0.6708642550236755], "di_sd_rep": [0.9990552668871044, 0.9791839321405937, 0.9683109679216262, 0.9436460592158188, 0.9064394446221486], "di_sd_ewc": [0.9995276334435522, 0.7423621065483165, 0.8829339265492945, 0.6034490631677338, 0.6111376856637829], "di_sd_syn": [0.9990552668871044, 0.7497017990994057, 0.9023943124394312, 0.597084004875871, 0.5850465704406399], "di_sd_gem": [0.997638167217761, 0.847972053766697, 0.9132602578894917, 0.8200519268095314, 0.8239056093943375], "ti_ff_none": [0.9995276334435522, 0.9977842958652436, 0.9185946270121437, 0.8989077136608947, 0.8574353371604075], "ti_ff_mas": [1.0, 0.9980204791434676, 0.9767249209528397, 0.9218317259098654, 0.9091697325911596], "ti_ff_rep": [1.0, 0.9984928456999154, 0.9948189375070421, 0.9932771564720145, 0.9931615275964145], "ti_ff_ewc": [0.9990552668871044, 0.9954224630830046, 0.9852453175685559, 0.9701455259730215, 0.9687570908959593], "ti_ff_syn": [1.0, 0.9961130019915281, 0.9888049726023124, 0.9725319602820607, 0.961074646233459], "ti_ff_gem": [1.0, 0.9977842958652436, 0.9943137056293693, 0.9876782746974521, 0.9879560658509234], "ti_sd_none": [0.9990552668871044, 0.8957170978202217, 0.9458232737891711, 0.9478781682180989, 0.9382776916263887], "ti_sd_mas": [0.9990552668871044, 0.9987650508304358, 0.9939190769994704, 0.9937213034724267, 0.9926595316816214], "ti_sd_rep": [0.9990552668871044, 0.997239885604203, 0.9951988269747556, 0.9904259671435456, 0.990728460503378], "ti_sd_ewc": [0.9990552668871044, 0.9826865769850622, 0.9870765430793934, 0.9868429254514237, 0.9884612396629526], "ti_sd_syn": [0.9990552668871044, 0.9972578965303511, 0.9925749572072663, 0.9915202195838713, 0.9911164156129828], "ti_sd_gem": [0.9990552668871044, 0.9965313357695312, 0.9938471303884785, 0.9856006656418917, 0.989692366364971]}