{"ci_ff_none": [1.0, 0.49425, 0.3336666666666667, 0.24925, 0.2044], "ci_ff_mas": [0.999, 0.515, 0.335, 0.249375, 0.20789999999999997], "ci_ff_rep": [0.999, 0.915, 0.8815, 0.8626250000000001, 0.7946], "ci_ff_ewc": [0.999, 0.51275, 0.33433333333333337, 0.249, 0.19], "ci_ff_syn": [0.999, 0.50125, 0.3418333333333334, 0.24925, 0.3087], "ci_ff_gem": [0.999, 0.8, 0.6616666666666667, 0.690875, 0.6038], "ci_sd_none": [1.0, 0.4915, 0.33316666666666667, 0.2495, 0.1943], "ci_sd_mas": [1.0, 0.49274999999999997, 0.3333333333333333, 0.24925, 0.20350000000000001], "ci_sd_rep": [1.0, 0.91525, 0.8815, 0.8592500000000001, 0.7844], "ci_sd_ewc": [1.0, 0.4905, 0.33316666666666667, 0.249125, 0.19119999999999998], "ci_sd_syn": [1.0, 0.4925, 0.333, 0.24925, 0.1913], "ci_sd_gem": [1.0, 0.7115, 0.6858333333333334, 0.6577500000000001, 0.6004999999999999], "di_ff_none": [1.0, 0.74925, 0.8366666666666666, 0.47062499999999996, 0.6964], "di_ff_mas": [0.999, 0.749, 0.8390000000000001, 0.5045, 0.7387], "di_ff_rep": [0.999, 0.9257500000000001, 0.9281666666666667, 0.9183749999999999, 0.8786999999999999], "di_ff_ewc": [0.999, 0.7484999999999999, 0.8475000000000001, 0.603, 0.7191], "di_ff_syn": [0.999, 0.7444999999999999, 0.8448333333333333, 0.614375, 0.6926], "di_ff_gem": [0.999, 0.7909999999999999, 0.8574999999999999, 0.8631249999999999, 0.8109], "di_sd_none": [1.0, 0.7475, 0.8341666666666666, 0.46387500000000004, 0.5915], "di_sd_mas": [1.0, 0.8005, 0.8376666666666667, 0.46975, 0.6291], "di_sd_rep": [1.0, 0.9155, 0.9278333333333334, 0.910875, 0.8669], "di_sd_ewc": [0.9995, 0.744, 0.8404999999999999, 0.6243749999999999, 0.673], "di_sd_syn": [1.0, 0.7515000000000001, 0.8373333333333334, 0.624625, 0.641], "di_sd_gem": [1.0, 0.80825, 0.8518333333333333, 0.867875, 0.8080999999999999], "ti_ff_none": [1.0, 0.99475, 0.957, 0.88975, 0.8013], "ti_ff_mas": [0.999, 0.98925, 0.8888333333333334, 0.7945, 0.8533], "ti_ff_rep": [0.999, 0.9922500000000001, 0.9935, 0.9944999999999999, 0.9882], "ti_ff_ewc": [0.999, 0.9864999999999999, 0.9808333333333333, 0.941875, 0.9766], "ti_ff_syn": [0.999, 0.98525, 0.9851666666666666, 0.7982499999999999, 0.9616], "ti_ff_gem": [0.999, 0.9924999999999999, 0.9761666666666667, 0.9666250000000001, 0.9696000000000001], "ti_sd_none": [1.0, 0.98575, 0.961, 0.88525, 0.9030999999999999], "ti_sd_mas": [1.0, 0.9904999999999999, 0.9936666666666666, 0.994375, 0.9882], "ti_sd_rep": [1.0, 0.9902500000000001, 0.9945, 0.9945, 0.9883000000000001], "ti_sd_ewc": [1.0, 0.9865, 0.9928333333333333, 0.9950000000000001, 0.9826], "ti_sd_syn": [1.0, 0.99275, 0.9948333333333333, 0.9944999999999999, 0.9861000000000001], "ti_sd_gem": [1.0, 0.9922500000000001, 0.9914999999999999, 0.9905, 0.9856]}