{"ci_ff_none": [0.999, 0.48175, 0.33516666666666667, 0.24975, 0.1978], "ci_ff_mas": [0.999, 0.4795, 0.3363333333333334, 0.249625, 0.19829999999999998], "ci_ff_rep": [0.999, 0.96675, 0.9234999999999999, 0.8135, 0.7871], "ci_ff_ewc": [0.9985, 0.4805, 0.34400000000000003, 0.249, 0.2009], "ci_ff_syn": [0.999, 0.47975, 0.3448333333333333, 0.249375, 0.1988], "ci_ff_gem": [0.999, 0.907, 0.8333333333333334, 0.60625, 0.6242000000000001], "ci_sd_none": [0.9995, 0.47375, 0.33266666666666667, 0.249125, 0.1973], "ci_sd_mas": [0.9995, 0.6045, 0.333, 0.2495, 0.20180000000000003], "ci_sd_rep": [1.0, 0.964, 0.9166666666666666, 0.8150000000000001, 0.7804], "ci_sd_ewc": [0.9995, 0.47275, 0.33316666666666667, 0.249625, 0.1976], "ci_sd_syn": [1.0, 0.475, 0.3323333333333333, 0.24925, 0.197], "ci_sd_gem": [0.9995, 0.94375, 0.7861666666666668, 0.62475, 0.6341], "di_ff_none": [0.999, 0.7375, 0.5265, 0.62425, 0.5238], "di_ff_mas": [0.999, 0.7869999999999999, 0.5178333333333334, 0.623875, 0.5222], "di_ff_rep": [0.999, 0.976, 0.9563333333333333, 0.89375, 0.8975], "di_ff_ewc": [0.9985, 0.81775, 0.6096666666666667, 0.6356250000000001, 0.6755], "di_ff_syn": [0.999, 0.8029999999999999, 0.5428333333333334, 0.623375, 0.5508000000000001], "di_ff_gem": [0.999, 0.95675, 0.8913333333333334, 0.7855000000000001, 0.8592000000000001], "di_sd_none": [0.9995, 0.84375, 0.5001666666666666, 0.623875, 0.6012000000000001], "di_sd_mas": [0.9995, 0.96075, 0.6783333333333333, 0.623875, 0.6016], "di_sd_rep": [0.999, 0.9702500000000001, 0.9460000000000001, 0.8919999999999999, 0.8859999999999999], "di_sd_ewc": [0.9995, 0.69575, 0.49900000000000005, 0.6234999999999999, 0.6054], "di_sd_syn": [0.999, 0.7, 0.501, 0.624125, 0.6745000000000001], "di_sd_gem": [0.9995, 0.96025, 0.8958333333333334, 0.7755, 0.8643000000000001], "ti_ff_none": [0.999, 0.97725, 0.9845, 0.853875, 0.6716000000000001], "ti_ff_mas": [0.999, 0.97975, 0.9361666666666668, 0.878875, 0.5997], "ti_ff_rep": [0.999, 0.9822500000000001, 0.9843333333333334, 0.9867500000000001, 0.9881], "ti_ff_ewc": [0.9985, 0.97675, 0.9861666666666666, 0.763375, 0.9882], "ti_ff_syn": [0.999, 0.97975, 0.9865, 0.9525, 0.8196999999999999], "ti_ff_gem": [0.999, 0.9762500000000001, 0.985, 0.98775, 0.9873999999999998], "ti_sd_none": [0.9995, 0.96375, 0.9733333333333333, 0.982, 0.9863999999999999], "ti_sd_mas": [0.9995, 0.98125, 0.9856666666666666, 0.987875, 0.9804999999999999], "ti_sd_rep": [0.9995, 0.98325, 0.9861666666666666, 0.988875, 0.9870000000000001], "ti_sd_ewc": [0.9995, 0.914, 0.9880000000000001, 0.990125, 0.9902000000000001], "ti_sd_syn": [0.9995, 0.97575, 0.9811666666666666, 0.987625, 0.9876999999999999], "ti_sd_gem": [0.9995, 0.98175, 0.984, 0.9866250000000001, 0.9865]}