{"ci_ff_none": [0.9945273631840796, 0.5510739422809507, 0.3304558784400012, 0.24670226066332096, 0.19860834990059642], "ci_ff_mas": [0.9930348258706467, 0.5451136577028854, 0.3297642786053155, 0.24582638523965894, 0.19973104789118212], "ci_ff_rep": [0.9935323383084577, 0.9819690368035598, 0.962147106015748, 0.9152502075487154, 0.9078107778745406], "ci_ff_ewc": [0.9945273631840796, 0.6078002248670646, 0.32876730961386547, 0.25705168114063004, 0.19922201804943213], "ci_ff_syn": [0.9935323383084577, 0.5368948378033388, 0.3319198741434702, 0.24922521989557053, 0.2126066492897758], "ci_ff_gem": [0.9930348258706467, 0.8948747661596461, 0.8329311723033691, 0.7084178545361887, 0.6934591710152989], "ci_sd_none": [0.9965174129353234, 0.49713330148112755, 0.3229933403434981, 0.24596570852244073, 0.1989065606361829], "ci_sd_mas": [0.9970149253731343, 0.5045367999942951, 0.3312435975308009, 0.2567169919075549, 0.22351719235770454], "ci_sd_rep": [0.9970149253731343, 0.976755020882211, 0.9425273897688262, 0.8919551873851272, 0.885971757199463], "ci_sd_ewc": [0.9965174129353234, 0.4985666507405638, 0.3256221521205748, 0.2462178517397882, 0.19860834990059642], "ci_sd_syn": [0.9970149253731343, 0.4973721930243669, 0.32597266035751843, 0.245839636913767, 0.19860834990059642], "ci_sd_gem": [0.9970149253731343, 0.7602483283534549, 0.7576463209046418, 0.586181590503257, 0.6381776533769623], "di_ff_none": [0.9945273631840796, 0.6911138288490657, 0.6276289008219808, 0.6814362619476153, 0.6402421170147505], "di_ff_mas": [0.9930348258706467, 0.6943377950191707, 0.6158412623977407, 0.6948592488578837, 0.657295155175542], "di_ff_rep": [0.9935323383084577, 0.9832226825737533, 0.9719110438384048, 0.9501730471635085, 0.9513014712696533], "di_ff_ewc": [0.9950248756218906, 0.7625364577019347, 0.7107769159005911, 0.7717936220011823, 0.6705358274396326], "di_ff_syn": [0.9935323383084577, 0.7112926766074074, 0.6330836004324275, 0.702453409834658, 0.6755530042715998], "di_ff_gem": [0.9930348258706467, 0.9272229392930236, 0.9207142969495655, 0.8287252122108996, 0.8499963129373083], "di_sd_none": [0.9965174129353234, 0.6192331462610502, 0.5866043705768412, 0.6594135293773589, 0.6008706986091386], "di_sd_mas": [0.9970149253731343, 0.7555515542212492, 0.7477264606434284, 0.7581909645262352, 0.67226593953384], "di_sd_rep": [0.9965174129353234, 0.9782376935199777, 0.9660452217188492, 0.9410341515681753, 0.9358614618559731], "di_sd_ewc": [0.9955223880597015, 0.6266958328282144, 0.6129974461071684, 0.7074066002559509, 0.6525939268289543], "di_sd_syn": [0.9965174129353234, 0.732685711433278, 0.6516147952793419, 0.7312488502876352, 0.6764685272392634], "di_sd_gem": [0.9970149253731343, 0.8896804795896295, 0.8996661397232947, 0.8283862355899839, 0.84363023055445], "ti_ff_none": [0.9930348258706467, 0.9769149950201215, 0.9598012615722039, 0.8873746310636019, 0.9235519829628792], "ti_ff_mas": [0.9930348258706467, 0.9838604397981426, 0.9669097036407379, 0.9534348854368858, 0.9552870569935556], "ti_ff_rep": [0.9935323383084577, 0.9953328198947926, 0.9920445075649713, 0.989590012435604, 0.990764317208528], "ti_ff_ewc": [0.9945273631840796, 0.9925866368111663, 0.9925608532811853, 0.9670500130250843, 0.985829786472048], "ti_ff_syn": [0.9935323383084577, 0.9881090248708678, 0.9824861698641886, 0.9749564346141419, 0.9793684036096881], "ti_ff_gem": [0.9930348258706467, 0.9841289253683803, 0.9803585325512789, 0.980737407112287, 0.9738727025750744], "ti_sd_none": [0.9965174129353234, 0.9804173114361303, 0.8464485936595284, 0.8954636999549443, 0.9400863277453546], "ti_sd_mas": [0.9955223880597015, 0.99657660098932, 0.9942314849018472, 0.9916191031349797, 0.9906818801533432], "ti_sd_rep": [0.9970149253731343, 0.995571711438032, 0.9921424102186727, 0.9887527413177267, 0.987463951455948], "ti_sd_ewc": [0.9955223880597015, 0.9876608358113874, 0.9887691607980575, 0.9884028793361154, 0.987115719308267], "ti_sd_syn": [0.9970149253731343, 0.9943772537218352, 0.9912510426095976, 0.9890287260097126, 0.9899030935761998], "ti_sd_gem": [0.9955223880597015, 0.9838900338251408, 0.9789762289548368, 0.9777017343311973, 0.9750844248483057]}