{"ci_ff_none": [0.9927760577915377, 0.49730127576054955, 0.3313683458377992, 0.24913665194925694, 0.19731876861966235], "ci_ff_mas": [0.9907120743034056, 0.49537654532914865, 0.3279742765273312, 0.2541756400873446, 0.2050878576651542], "ci_ff_rep": [0.9917440660474717, 0.9851199247324569, 0.9505684858755469, 0.9283287514290839, 0.9057615532816667], "ci_ff_ewc": [0.9896800825593395, 0.4948605494571156, 0.3525963113841653, 0.28987343664217746, 0.21885430070960937], "ci_ff_syn": [0.9917440660474717, 0.5003038248510498, 0.33585298408481085, 0.27949718349570474, 0.21072428690484934], "ci_ff_gem": [0.9907120743034056, 0.9505482013062443, 0.816555126962788, 0.8067836791686998, 0.7163924694460991], "ci_sd_none": [0.9886480908152735, 0.49656526005888124, 0.3299392640228653, 0.24930037313432835, 0.1987090367428004], "ci_sd_mas": [0.9922600619195047, 0.49656526005888124, 0.3322569640566289, 0.27063736782326314, 0.19843475095552993], "ci_sd_rep": [0.9901960784313726, 0.9816899953514797, 0.938462515757712, 0.9121627657461593, 0.882041401988819], "ci_sd_ewc": [0.9912280701754386, 0.4946025515210991, 0.32833154698106465, 0.2490671641791045, 0.1955312810327706], "ci_sd_syn": [0.9901960784313726, 0.4946025515210991, 0.32779564130046446, 0.2496030698597047, 0.19761668321747766], "ci_sd_gem": [0.9922600619195047, 0.8305285235833912, 0.7022747774737238, 0.6260050676145668, 0.6132207324999627], "di_ff_none": [0.9932920536635707, 0.8117501222895025, 0.7179933482721158, 0.7143827533526401, 0.7606203543421061], "di_ff_mas": [0.9917440660474717, 0.7556584846634279, 0.7491679104082669, 0.7284368862171232, 0.7855817237413991], "di_ff_rep": [0.9917440660474717, 0.9891719354959586, 0.9664199879159772, 0.9483524983111511, 0.9553011695691918], "di_ff_ewc": [0.9901960784313726, 0.7897648496927825, 0.8351648669299309, 0.8023121033179043, 0.8707072958917064], "di_ff_syn": [0.9917440660474717, 0.8266332358055561, 0.7636131940236798, 0.7561539452931236, 0.8063069685469818], "di_ff_gem": [0.9917440660474717, 0.9548708693745562, 0.9113332816494588, 0.9002132145393386, 0.914363065644908], "di_sd_none": [0.9886480908152735, 0.7383093261063529, 0.7070625892859311, 0.7087765369348796, 0.7553148431182981], "di_sd_mas": [0.9922600619195047, 0.9066379147082624, 0.8518703691750799, 0.8668520952669039, 0.8511569058308439], "di_sd_rep": [0.9907120743034056, 0.987183908220589, 0.9582810797194478, 0.953240447200897, 0.9504248713692084], "di_sd_ewc": [0.9907120743034056, 0.7235100176117139, 0.764942120557195, 0.7636199965050785, 0.8413003180647276], "di_sd_syn": [0.9907120743034056, 0.9080418387074886, 0.7824326957968832, 0.8573266776906552, 0.8591610954707501], "di_sd_gem": [0.9922600619195047, 0.9448342686074999, 0.9054842994014347, 0.9087660376027064, 0.8978976205898551], "ti_ff_none": [0.9927760577915377, 0.9864527030790623, 0.9398061434411743, 0.880000430755619, 0.9022598284661694], "ti_ff_mas": [0.9907120743034056, 0.9888759594535609, 0.9341532286286465, 0.8640419303854745, 0.9106918261187706], "ti_ff_rep": [0.9917440660474717, 0.9909779210480743, 0.9914705390143657, 0.9873886025741334, 0.985074313744333], "ti_ff_ewc": [0.9896800825593395, 0.9323490927283573, 0.9056696949754696, 0.8926332776276099, 0.931394483008585], "ti_ff_syn": [0.9917440660474717, 0.9889012781911484, 0.9699114266326219, 0.9483108851020609, 0.9632176356014565], "ti_ff_gem": [0.9907120743034056, 0.9891466167583711, 0.9779039306537395, 0.9709079852861017, 0.968954584768475], "ti_sd_none": [0.9886480908152735, 0.9550529110978103, 0.9594795927734898, 0.94465448072099, 0.9093963039145532], "ti_sd_mas": [0.9901960784313726, 0.9906692856368826, 0.9855707429012477, 0.989553595840699, 0.9908965652492275], "ti_sd_rep": [0.9907120743034056, 0.9897132501055792, 0.9860655019697854, 0.9879327539407032, 0.9889569669760991], "ti_sd_ewc": [0.9896800825593395, 0.9889265969287359, 0.9890667395333964, 0.9732608542160461, 0.9742442693875265], "ti_sd_syn": [0.9907120743034056, 0.9917012773809488, 0.981227274662332, 0.9842861817607802, 0.9876489258315907], "ti_sd_gem": [0.9901960784313726, 0.9868879321781913, 0.9852880023442556, 0.9843380224865712, 0.9788362888061533]}