{"ci_ff_none": [0.9945, 0.43375, 0.32316666666666666, 0.25, 0.1998], "ci_ff_mas": [0.9865, 0.44225, 0.33666666666666667, 0.26125000000000004, 0.20390000000000003], "ci_ff_rep": [0.987, 0.9047499999999999, 0.8321666666666667, 0.8502500000000001, 0.7874999999999999], "ci_ff_ewc": [0.988, 0.46475, 0.3253333333333333, 0.260125, 0.2022], "ci_ff_syn": [0.987, 0.4855, 0.3356666666666667, 0.280375, 0.2157], "ci_ff_gem": [0.9865, 0.83125, 0.6748333333333333, 0.733, 0.6275000000000001], "ci_sd_none": [0.9945, 0.44575, 0.32366666666666666, 0.249875, 0.19970000000000002], "ci_sd_mas": [0.9945, 0.49475, 0.32066666666666666, 0.2505, 0.20539999999999997], "ci_sd_rep": [0.995, 0.915, 0.8268333333333334, 0.8418749999999999, 0.7891999999999999], "ci_sd_ewc": [0.9945, 0.4315, 0.32066666666666666, 0.249875, 0.1998], "ci_sd_syn": [0.995, 0.43225, 0.322, 0.249875, 0.19970000000000002], "ci_sd_gem": [0.9945, 0.8335, 0.6785, 0.669875, 0.5651999999999999], "di_ff_none": [0.995, 0.7925, 0.7103333333333334, 0.668125, 0.7869], "di_ff_mas": [0.987, 0.7845, 0.7026666666666667, 0.711125, 0.7815000000000001], "di_ff_rep": [0.987, 0.92225, 0.9075000000000001, 0.921, 0.8906000000000001], "di_ff_ewc": [0.988, 0.83575, 0.759, 0.774875, 0.7861], "di_ff_syn": [0.987, 0.78225, 0.7478333333333333, 0.7301249999999999, 0.7837000000000001], "di_ff_gem": [0.987, 0.887, 0.8538333333333333, 0.82525, 0.8238], "di_sd_none": [0.9945, 0.7949999999999999, 0.6866666666666666, 0.653, 0.7941], "di_sd_mas": [0.995, 0.873, 0.8305000000000001, 0.7435, 0.7952000000000001], "di_sd_rep": [0.9955, 0.917, 0.8926666666666666, 0.909375, 0.8844999999999998], "di_sd_ewc": [0.9955, 0.77025, 0.6963333333333335, 0.6873750000000001, 0.7857999999999999], "di_sd_syn": [0.9955, 0.77925, 0.7983333333333333, 0.73925, 0.7949], "di_sd_gem": [0.995, 0.8895, 0.8506666666666666, 0.8270000000000001, 0.8144], "ti_ff_none": [0.995, 0.929, 0.9143333333333333, 0.95, 0.7396], "ti_ff_mas": [0.9865, 0.905, 0.7929999999999998, 0.889625, 0.8023], "ti_ff_rep": [0.987, 0.93275, 0.9461666666666666, 0.958375, 0.9652000000000001], "ti_ff_ewc": [0.988, 0.922, 0.9343333333333333, 0.94975, 0.9581], "ti_ff_syn": [0.987, 0.90625, 0.9198333333333334, 0.9416249999999999, 0.9238], "ti_ff_gem": [0.9865, 0.91875, 0.9021666666666667, 0.921375, 0.9288000000000001], "ti_sd_none": [0.9945, 0.8009999999999999, 0.8616666666666667, 0.8358749999999999, 0.8440000000000001], "ti_sd_mas": [0.996, 0.9259999999999999, 0.9351666666666668, 0.9545, 0.9628], "ti_sd_rep": [0.9945, 0.929, 0.9420000000000001, 0.954875, 0.9636999999999999], "ti_sd_ewc": [0.9945, 0.7969999999999999, 0.8688333333333333, 0.8996250000000001, 0.8519], "ti_sd_syn": [0.9945, 0.911, 0.9106666666666666, 0.929875, 0.9340999999999999], "ti_sd_gem": [0.996, 0.9239999999999999, 0.9216666666666667, 0.931375, 0.9518000000000001]}