{"ci_ff_none": [0.9955179282868526, 0.49876665022200295, 0.3276209677419355, 0.24816266536011758, 0.19884047136788618], "ci_ff_mas": [0.9960159362549801, 0.49901332017760236, 0.3293010752688172, 0.24829219251315768, 0.19972749359774117], "ci_ff_rep": [0.9960159362549801, 0.9878268131224486, 0.9528718863690434, 0.9257180193880854, 0.901640822327126], "ci_ff_ewc": [0.9960159362549801, 0.49901332017760236, 0.3277889784946237, 0.24868429306080195, 0.20241144081660187], "ci_ff_syn": [0.9960159362549801, 0.49851998026640354, 0.32744226464238163, 0.2527341465679379, 0.20901276329426993], "ci_ff_gem": [0.9960159362549801, 0.5032487219351504, 0.779312966397535, 0.7485171569521446, 0.7166412501632404], "ci_sd_none": [0.9965139442231076, 0.49851998026640354, 0.3245967741935484, 0.2477951984321411, 0.1975257731958763], "ci_sd_mas": [0.9970119521912351, 0.49901332017760236, 0.32795342513168996, 0.24853365137661804, 0.20667466422867303], "ci_sd_rep": [0.9965139442231076, 0.977617649775835, 0.938316105204826, 0.902371852800733, 0.8800307876729054], "ci_sd_ewc": [0.9970119521912351, 0.49925999013320177, 0.32543682795698925, 0.24791768740813327, 0.19835051546391752], "ci_sd_syn": [0.9965139442231076, 0.49827331031080413, 0.32610887096774194, 0.24828515433610976, 0.19793814432989693], "ci_sd_gem": [0.9970119521912351, 0.7851235659237741, 0.7574815419956789, 0.6481614021203053, 0.6865859484648438], "di_ff_none": [0.9965139442231076, 0.8662941966716262, 0.7269835307649308, 0.6706300502235176, 0.6473643687699075], "di_ff_mas": [0.9960159362549801, 0.8812344357154509, 0.7205569593981654, 0.7108841599245673, 0.6352641021012748], "di_ff_rep": [0.9960159362549801, 0.9945429186067767, 0.9745260296190775, 0.9613732246249722, 0.9519504984551759], "di_ff_ewc": [0.9960159362549801, 0.893202965149761, 0.7910553047635146, 0.7743430359554715, 0.7123931813188727], "di_ff_syn": [0.9960159362549801, 0.9156016535731765, 0.7237426348259005, 0.7037170819602672, 0.7152288939483018], "di_ff_gem": [0.9960159362549801, 0.9771103056938502, 0.9106652223376229, 0.8904059702002723, 0.8626338332433052], "di_sd_none": [0.9965139442231076, 0.8207264675879609, 0.6766005827388812, 0.6701732875441994, 0.6605629060298167], "di_sd_mas": [0.9965139442231076, 0.9161019955697682, 0.7950440920432196, 0.7459080531779421, 0.7410472881726685], "di_sd_rep": [0.9970119521912351, 0.9955389345430317, 0.9668750938894982, 0.9516364911405382, 0.942326086357029], "di_sd_ewc": [0.9970119521912351, 0.8493595917268273, 0.6900590069474214, 0.7311812921034091, 0.6874688508113181], "di_sd_syn": [0.9970119521912351, 0.9487238515105831, 0.7571844470524626, 0.7631967908573504, 0.7093164148870728], "di_sd_gem": [0.9965139442231076, 0.9736219158884933, 0.8714140799687238, 0.8609678290070013, 0.8231124083440644], "ti_ff_none": [0.9965139442231076, 0.9925345485350163, 0.9342332263294219, 0.9797215455172392, 0.952940007545965], "ti_ff_mas": [0.9960159362549801, 0.8964166766579464, 0.9833762365939057, 0.9620929359167557, 0.9405435627656173], "ti_ff_rep": [0.9960159362549801, 0.9972679582606918, 0.9936530408647463, 0.9931393656705176, 0.9926848072000961], "ti_ff_ewc": [0.9960159362549801, 0.9345166202481637, 0.9906761374805164, 0.989145901811222, 0.9748910640912808], "ti_ff_syn": [0.9960159362549801, 0.8959233367467476, 0.9914985704518157, 0.9879206680978022, 0.9849660743892891], "ti_ff_gem": [0.9960159362549801, 0.9907938546750344, 0.990660072707351, 0.9810141357780324, 0.9829150214474227], "ti_sd_none": [0.9965139442231076, 0.9362619821650743, 0.9586482647054466, 0.8736105195570713, 0.863746979742459], "ti_sd_mas": [0.9975099601593626, 0.9972726263176205, 0.9938134713085213, 0.9930232548008967, 0.9931784039212346], "ti_sd_rep": [0.9960159362549801, 0.9967769523779573, 0.9931576928569017, 0.9913824112674515, 0.9914862320773388], "ti_sd_ewc": [0.9975099601593626, 0.903896132293716, 0.9621109276919619, 0.9800813289315252, 0.9745222974906046], "ti_sd_syn": [0.9960159362549801, 0.9955342664861029, 0.9938399761368508, 0.9911704039200635, 0.9903635989258719], "ti_sd_gem": [0.9975099601593626, 0.9962719423244368, 0.98804182674377, 0.9797711605753284, 0.9798288354781682]}