{"ci_ff_none": [0.9955, 0.5005000000000001, 0.3333333333333333, 0.210125, 0.1949], "ci_ff_mas": [0.9855, 0.506, 0.3345, 0.219875, 0.1948], "ci_ff_rep": [0.9855, 0.9512499999999999, 0.9246666666666666, 0.799875, 0.8005000000000001], "ci_ff_ewc": [0.985, 0.51175, 0.33349999999999996, 0.241625, 0.2096], "ci_ff_syn": [0.9855, 0.50375, 0.3336666666666667, 0.276375, 0.2177], "ci_ff_gem": [0.9855, 0.80575, 0.8051666666666666, 0.6608749999999999, 0.6995], "ci_sd_none": [0.9955, 0.49925, 0.3333333333333333, 0.217, 0.1953], "ci_sd_mas": [0.9925, 0.5005000000000001, 0.33416666666666667, 0.315875, 0.2593], "ci_sd_rep": [0.995, 0.9555, 0.9141666666666667, 0.792125, 0.8017], "ci_sd_ewc": [0.995, 0.49925, 0.333, 0.209875, 0.19490000000000002], "ci_sd_syn": [0.995, 0.49925, 0.33316666666666667, 0.212125, 0.1946], "ci_sd_gem": [0.9925, 0.76575, 0.7346666666666666, 0.595375, 0.6381], "di_ff_none": [0.9935, 0.9850000000000001, 0.422, 0.54425, 0.6211], "di_ff_mas": [0.9855, 0.9810000000000001, 0.3965, 0.50825, 0.6305000000000001], "di_ff_rep": [0.9855, 0.9955, 0.953, 0.849, 0.8623], "di_ff_ewc": [0.986, 0.9890000000000001, 0.5601666666666667, 0.64975, 0.6836], "di_ff_syn": [0.9855, 0.982, 0.41783333333333333, 0.501375, 0.5747], "di_ff_gem": [0.9855, 0.98125, 0.8816666666666667, 0.77425, 0.7968999999999999], "di_sd_none": [0.9955, 0.9855, 0.4211666666666667, 0.547125, 0.6138999999999999], "di_sd_mas": [0.9955, 0.99675, 0.6366666666666667, 0.7086250000000001, 0.7438999999999999], "di_sd_rep": [0.9915, 0.9942500000000001, 0.9531666666666667, 0.84275, 0.8539], "di_sd_ewc": [0.993, 0.9902500000000001, 0.43183333333333335, 0.50275, 0.5277999999999999], "di_sd_syn": [0.9915, 0.99525, 0.3701666666666667, 0.43374999999999997, 0.5450999999999999], "di_sd_gem": [0.9955, 0.9795, 0.7995000000000001, 0.781625, 0.7750999999999999], "ti_ff_none": [0.994, 0.9822500000000001, 0.9233333333333333, 0.77825, 0.8229000000000001], "ti_ff_mas": [0.9855, 0.994, 0.8385000000000001, 0.857375, 0.8727], "ti_ff_rep": [0.9855, 0.99475, 0.9954999999999999, 0.9610000000000001, 0.9583999999999999], "ti_ff_ewc": [0.985, 0.99175, 0.9975, 0.8985, 0.9224], "ti_ff_syn": [0.9855, 0.9955, 0.9506666666666667, 0.884125, 0.8956], "ti_ff_gem": [0.9855, 0.9922500000000001, 0.9833333333333334, 0.9545, 0.9451], "ti_sd_none": [0.9955, 0.97275, 0.8985, 0.90475, 0.8966000000000001], "ti_sd_mas": [0.9915, 0.99675, 0.9983333333333334, 0.9560000000000001, 0.9568999999999999], "ti_sd_rep": [0.995, 0.994, 0.9968333333333333, 0.962625, 0.9537000000000001], "ti_sd_ewc": [0.994, 0.9925, 0.9868333333333333, 0.912875, 0.9545], "ti_sd_syn": [0.995, 0.9942500000000001, 0.9966666666666667, 0.957625, 0.9574999999999999], "ti_sd_gem": [0.9915, 0.98075, 0.9951666666666666, 0.960125, 0.9507999999999999]}