{"ci_ff_none": [0.9794952681388013, 0.499790067938937, 0.3311557788944724, 0.2490049751243781, 0.19737771053958647], "ci_ff_mas": [0.9784437434279706, 0.5087015534226756, 0.3316582914572864, 0.24900747518687968, 0.19707513867876952], "ci_ff_rep": [0.9779179810725552, 0.9773146594476885, 0.9600190273044781, 0.941255134743807, 0.8914232462716756], "ci_ff_ewc": [0.9773922187171399, 0.5121190087328754, 0.3316582914572864, 0.25127378184454613, 0.199259419458255], "ci_ff_syn": [0.9779179810725552, 0.52631459232909, 0.33364775017720594, 0.25857146428660716, 0.19845898038525095], "ci_ff_gem": [0.9784437434279706, 0.8252634404993624, 0.6927294743099722, 0.8287937447390255, 0.6960714920816007], "ci_sd_none": [0.9837013669821241, 0.4995271867612293, 0.3316582914572864, 0.24751243781094528, 0.19586485123550176], "ci_sd_mas": [0.9863301787592008, 0.4995271867612293, 0.4083819412270177, 0.2963705342633566, 0.21273983740667646], "ci_sd_rep": [0.9837013669821241, 0.971478324421475, 0.9504401214970303, 0.9376577863391704, 0.8746457921959327], "ci_sd_ewc": [0.9863301787592008, 0.49929078014184397, 0.3311557788944724, 0.24825870646766168, 0.19677256681795258], "ci_sd_syn": [0.9837013669821241, 0.4995271867612293, 0.33149078726968173, 0.2542913572839321, 0.1956631366616238], "ci_sd_gem": [0.9863301787592008, 0.7647742950682745, 0.7572316030238571, 0.7596837309599764, 0.6241946753062948], "di_ff_none": [0.9800210304942166, 0.7923768187275806, 0.7085045247966372, 0.5914437860275321, 0.6098348162070748], "di_ff_mas": [0.9789695057833859, 0.806572402323795, 0.7352635545497633, 0.6016100412717937, 0.61100780809897], "di_ff_rep": [0.9779179810725552, 0.979627640930413, 0.9813178947315299, 0.9646799191770966, 0.93081583050304], "di_ff_ewc": [0.9773922187171399, 0.8615410430230217, 0.8937374824844255, 0.6494403184128197, 0.6509692055187504], "di_ff_syn": [0.9779179810725552, 0.8147217188327329, 0.7620940900318862, 0.6022255154841855, 0.6174114695533557], "di_ff_gem": [0.9789695057833859, 0.9170089715193414, 0.9519910445576428, 0.8934820712061977, 0.8321787817330251], "di_sd_none": [0.9837013669821241, 0.7321770290325227, 0.7112888048838356, 0.5294411711255933, 0.5900734211855525], "di_sd_mas": [0.9837013669821241, 0.9283128621607715, 0.8728297167426501, 0.7988807309058937, 0.730042411261173], "di_sd_rep": [0.9837013669821241, 0.9759473044425054, 0.9785219147970552, 0.9531304906221554, 0.9261841073152102], "di_sd_ewc": [0.982124079915878, 0.7453210879179065, 0.7113049630649714, 0.5992088472732211, 0.6253496718343422], "di_sd_syn": [0.9837013669821241, 0.7972145781596081, 0.710339829346872, 0.6444107039343993, 0.6510969913233119], "di_sd_gem": [0.9837013669821241, 0.9017883377706184, 0.9307256052656658, 0.8606012025090881, 0.8231046030943195], "ti_ff_none": [0.9773922187171399, 0.9600685355467555, 0.9705889798806223, 0.957822996294195, 0.8305386788032212], "ti_ff_mas": [0.9784437434279706, 0.9829391980073234, 0.9805939644952483, 0.976227739096726, 0.8528665956037639], "ti_ff_rep": [0.9779179810725552, 0.9900369898054306, 0.9894145475621214, 0.9892277799064134, 0.9872989327537496], "ti_ff_ewc": [0.9773922187171399, 0.9818876732964927, 0.980453673757666, 0.9510178964874149, 0.8882124288567788], "ti_ff_syn": [0.9779179810725552, 0.9842536038958618, 0.9885869263987792, 0.983738387506268, 0.9475007966012272], "ti_ff_gem": [0.9784437434279706, 0.9753421184121231, 0.9829456450403997, 0.9822917409691624, 0.9695963249201913], "ti_sd_none": [0.9837013669821241, 0.956677554794878, 0.9802388205404697, 0.9641515842552977, 0.868124512255385], "ti_sd_mas": [0.9810725552050473, 0.991640751429999, 0.9911670887468392, 0.9922862258470572, 0.9897203125667644], "ti_sd_rep": [0.9842271293375394, 0.9887755330335369, 0.9910568333635074, 0.9900761603039002, 0.9894806031819648], "ti_sd_ewc": [0.9842271293375394, 0.9838337397737358, 0.9900518082378792, 0.9848537146824649, 0.9849660797208516], "ti_sd_syn": [0.9842271293375394, 0.9864360769924903, 0.9915606463257465, 0.989811750224176, 0.9814157551824969], "ti_sd_gem": [0.9810725552050473, 0.970610257213385, 0.9841779664943408, 0.9748312196461869, 0.9814351136655388]}